<?xml version="1.0" encoding="utf-8"?> 
<displayName attr1="Heavy Military Ammunition"/> 
<objectID attr1="HMA000"/> 
<upgradeCategory attr1="weapon"/>
<upgradeType attr1="other"/>
<cost attr1="3000"/>
<addCostAsPercentOfShip attr1="0.025"/>
<bIllegalUpgrade attr1="0"/>
<description attr1="Replaces ship's standard ammo with Military ammunition."/>
<description attr1=" "/>
<description attr1="For civilian grade ships, this is a welcome upgrade to any heavy gun to increase it's damage output."/>
<projectileAmmoID attr1="heavyMP"/>